,iso_code,collector,number,family,species,sp_code,qds,lat,long,year,pathway,weight,d.15NAIR,d.13CVPDB,X.N,X.C,C.N
1,1,"Mogg, A.O.D.",16454,Poaceae,Digitaria eriantha,DE,2528CA,-25.625,28.125,1931,C4,1.802,5.2,-11.4,2.7,54.1,20.3
2,2,"Skea, D.",21,Poaceae,Digitaria eriantha,DE,2528CA,-25.625,28.125,1929,C4,1.973,4.1,-10.9,2.5,44.4,17.6
3,3,"Mogg, A.O.D.",16471,Poaceae,Digitaria eriantha,DE,2528CA,-25.625,28.125,1931,C4,1.841,2.5,-10.8,1.2,42.1,36.6
4,4,"Mogg, A.O.D.",16453,Poaceae,Digitaria eriantha,DE,2528CA,-25.625,28.125,1931,C4,1.82,8.8,-10.1,2,50.9,24.8
6,6,"Mogg, A.O.D.",13715,Poaceae,Digitaria eriantha,DE,2528CA,-25.625,28.125,1936,C4,1.703,3.4,-10.4,1.2,41.2,33.1
7,7,"Wasserfall, E.",PRE 33399,Poaceae,Digitaria eriantha,DE,2528CA,-25.625,28.125,1944,C4,1.688,6,-10.9,2.1,42.2,20.4
8,8,"Oakes, A.C.J.",245,Poaceae,Digitaria eriantha,DE,2528CA,-25.625,28.125,1964,C4,1.704,2.6,-11.7,0.4,42,103.8
9,9,"Smook, L.",4761,Poaceae,Digitaria eriantha,DE,2528CA,-25.625,28.125,1983,C4,1.837,3.2,-11.8,2,43.5,22
10,10,de Wet,1469,Poaceae,Digitaria eriantha,DE,2528CA,-25.625,28.125,1956,C4,1.762,2.3,-10.1,1.8,42.6,23.4
11,11,"Smith, C.A.",6079,Poaceae,Digitaria eriantha,DE,2528CA,-25.625,28.125,1932,C4,1.847,5.6,-11.1,1.8,41.8,23.1
13,13,"Pole-Evans, I.B.",1528,Poaceae,Digitaria eriantha,DE,2528CA,-25.625,28.125,1925,C4,1.651,1,-10.3,0.5,40.8,81.6
14,14,"Smith, C.A.",6059,Poaceae,Digitaria eriantha,DE,2528CA,-25.625,28.125,1932,C4,1.673,1.3,-9.6,1.6,42.5,26.9
15,16,"Robinson, M.",15,Poaceae,Digitaria eriantha,DE,2528CA,-25.625,28.125,1925,C4,1.787,5.5,-11.3,2.2,40,17.9
16,17,"Mogg, A.O.D.",12331,Poaceae,Digitaria eriantha,DE,2528CA,-25.625,28.125,1932,C4,1.632,3.7,-11.6,1.5,42.9,29.2
17,18,"Smith, C.A.",6122,Poaceae,Digitaria eriantha,DE,2528CA,-25.625,28.125,1932,C4,1.857,4.4,-10.5,1.8,42.9,23.3
21,22,"Smith, C.A.",6249,Poaceae,Digitaria eriantha,DE,2528CA,-25.625,28.125,1932,C4,1.901,4.7,-10.7,1.6,40.8,25.1
22,23,"Liebenberg, L.C.C.",348A,Poaceae,Digitaria eriantha,DE,2528CA,-25.625,28.125,1951,C4,1.683,5.2,-10.3,1.4,43.3,29.9
23,24,"Theiler, A.C.",TRV 12020,Poaceae,Digitaria eriantha,DE,2528CA,-25.625,28.125,1912,C4,1.857,5.5,-10.3,2.2,41.5,19.2
27,28,"Godfrey, R.K.",SVH1801,Poaceae,Digitaria eriantha,DE,2528CA,-25.625,28.125,1953,C4,1.718,6.8,-10.2,1.6,42.9,27.1
28,29,"Smith, C.A.",6133,Poaceae,Digitaria eriantha,DE,2528CA,-25.625,28.125,1932,C4,1.874,5.5,-10.8,1.2,42.7,35.6
29,30,"Smith, C.A.",6137,Poaceae,Digitaria eriantha,DE,2528CA,-25.625,28.125,1932,C4,1.945,4,-10.9,1.5,40,27.3
30,31,"Smith, C.A.",6074,Poaceae,Digitaria eriantha,DE,2528CA,-25.625,28.125,1932,C4,1.807,4.5,-10.3,1.8,40.7,22.3
31,32,de Wet,20,Poaceae,Digitaria eriantha,DE,2528CA,-25.625,28.125,1952,C4,1.857,5.4,-10.8,2,39.9,20.1
32,33,"Smith, C.A.",6248,Poaceae,Digitaria eriantha,DE,2528CA,-25.625,28.125,1932,C4,1.717,6.3,-10.9,2.4,41.8,17.5
33,34,"Smith, C.A.",6078B,Poaceae,Digitaria eriantha,DE,2528CA,-25.625,28.125,1932,C4,1.653,3.9,-10.3,1.3,42.2,33.4
34,35,"Skea, D.",65,Poaceae,Digitaria eriantha,DE,2528CA,-25.625,28.125,1929,C4,1.764,2.7,-10.6,1.2,41.1,35
35,36,"Mogg, A.O.D.",12329,Poaceae,Digitaria eriantha,DE,2528CA,-25.625,28.125,1932,C4,1.701,7.3,-11.1,1.6,43.6,27.9
36,37,"Smith, C.A.",6070,Poaceae,Digitaria eriantha,DE,2528CA,-25.625,28.125,1932,C4,1.676,3.4,-10.7,2,42.7,21
37,38,"Mogg, A.O.D.",12330,Poaceae,Digitaria eriantha,DE,2528CA,-25.625,28.125,1932,C4,1.651,6.8,-9.5,2.5,43.5,17.3
38,39,de Wet,23A,Poaceae,Digitaria eriantha,DE,2528CA,-25.625,28.125,1953,C4,1.847,3.2,-10.1,1.3,41.7,33
39,40,"Smith, C.A.",6238,Poaceae,Digitaria eriantha,DE,2528CA,-25.625,28.125,1932,C4,1.531,3,-10.3,1.3,42,32.7
40,41,"Ellis, R.P.",1327,Poaceae,Digitaria eriantha,DE,2528CA,-25.625,28.125,1972,C4,1.898,6.7,-11.7,1.7,42.9,25.5
41,42,"Smith, C.A.",6072,Poaceae,Digitaria eriantha,DE,2528CA,-25.625,28.125,1932,C4,1.856,5.2,-10.7,1.4,41.1,28.6
42,43,"Ellis, R.P.",1028,Poaceae,Digitaria eriantha,DE,2528CA,-25.625,28.125,1972,C4,1.784,1.8,-10.9,2.6,44.5,17.3
43,44,"Smith, C.A.",6078,Poaceae,Digitaria eriantha,DE,2528CA,-25.625,28.125,1932,C4,1.983,4.4,-10.4,1.7,42.8,25.6
44,45,"Dickson, J.",PRE 54,Poaceae,Digitaria eriantha,DE,2528CA,-25.625,28.125,1924,C4,1.907,1.7,-9.5,1.2,42.4,35.9
46,47,Theiler,TRV 26678,Poaceae,Digitaria eriantha,DE,2528CA,-25.625,28.125,1913,C4,1.845,7.2,-10.3,1.9,40.5,21.7
48,49,"Ellis, R.P.",126,Poaceae,Digitaria eriantha,DE,2528CA,-25.625,28.125,1970,C4,1.621,5.3,-11.5,2,42.4,21.6
49,50,"Smith, C.A.",2296,Poaceae,Digitaria eriantha,DE,2528CA,-25.625,28.125,1926,C4,1.823,12.2,-10.5,3.3,44.1,13.5
51,52,"Mogg, A.O.D.",16472,Poaceae,Digitaria eriantha,DE,2528CA,-25.625,28.125,1931,C4,1.788,3,-11.3,1.2,43.5,37
107,110,"Ellis, R.P.",1122,Poaceae,Digitaria eriantha,DE,2528CB,-25.625,28.375,1972,C4,1.869,3,-10.9,0.9,42.9,45.7
108,111,"Ellis, R.P.",1778,Poaceae,Digitaria eriantha,DE,2528CB,-25.625,28.375,1973,C4,1.777,3.8,-11.9,1.1,41.4,36.2
109,112,"van Rooyen, N.",2529,Poaceae,Digitaria eriantha,DE,2528CB,-25.625,28.375,1979,C4,1.762,3,-11.9,0.5,45.2,91.1
111,114,"Smook, L.",11433,Poaceae,Digitaria eriantha,DE,2528CB,-25.73861111,28.27944444,2004,C4,1.732,1.9,-12.5,1.4,42.7,30.2
128,132,"Kok, P.D.F.",518,Poaceae,Digitaria eriantha,DE,2528CC,-25.875,28.125,1974,C4,1.813,0,-10.8,1.1,44.2,40.4
130,134,"Obermeyer, A.A.",TRV 29134,Poaceae,Digitaria eriantha,DE,2528CC,-25.875,28.125,1931,C4,1.882,5,-11.1,2,43,21.2
132,136,"Pole-Evans, I.B.",217,Poaceae,Digitaria eriantha,DE,2528CC,-25.875,28.125,1921,C4,1.693,4.9,-10.7,1.6,43,27.2
133,137,"McClean, A.P.D.",20,Poaceae,Digitaria eriantha,DE,2528CC,-25.875,28.125,1925,C4,1.711,2.5,-10,2.5,45,18.3
134,138,"Mogg, A.O.D.",PRE 7969,Poaceae,Digitaria eriantha,DE,2528CC,-25.875,28.125,1929,C4,1.966,1.7,-10.5,1.9,43.7,22.9
136,140,"Kok, P.D.F.",517,Poaceae,Digitaria eriantha,DE,2528CC,-25.875,28.125,1974,C4,1.74,2.7,-11.9,1.2,43.1,36.4
138,142,"Pole-Evans, I.B.",130,Poaceae,Digitaria eriantha,DE,2528CC,-25.875,28.125,1917,C4,1.761,6.3,-9.6,1.2,42.3,33.9
139,143,"Godfrey, R.K.",SH 1794,Poaceae,Digitaria eriantha,DE,2528CC,-25.875,28.125,1953,C4,1.785,6.1,-11.4,1.9,43.8,23
141,145,"Hector, J.",1010,Poaceae,Digitaria eriantha,DE,2528CC,-25.875,28.125,1925,C4,1.894,4.4,-10.6,2.1,43.5,20.8
145,149,"Pole-Evans, I.B.",427,Poaceae,Digitaria eriantha,DE,2528CC,-25.875,28.125,1922,C4,1.961,3.4,-10.2,1.2,43.3,34.7
146,150,"Bevan, N.",PRE 7602,Poaceae,Digitaria eriantha,DE,2528CC,-25.875,28.125,1928,C4,1.94,4.5,-10.8,1.6,43.4,26.4
147,151,"Stent, S.M.",PRE 8088,Poaceae,Digitaria eriantha,DE,2528CC,-25.875,28.125,1929,C4,1.803,4.2,-10.6,1.6,42.2,25.7
192,196,"Jeffers, L.N.",505,Poaceae,Digitaria eriantha,DE,2627CA,-26.625,27.125,1986,C4,1.725,1.8,-12.7,2.5,45.5,18
193,197,"Brooks, W.",85,Poaceae,Digitaria eriantha,DE,2627CA,-26.625,27.125,1979,C4,1.862,1.2,-10.9,1.3,42.9,32.8
194,198,"Burtt Davy, J.",11459,Poaceae,Digitaria eriantha,DE,2627CA,-26.625,27.125,1911,C4,1.886,5,-11.1,2.4,46.1,19
195,199,"Saayman, E.J.L.",146,Poaceae,Digitaria eriantha,DE,2627CA,-26.625,27.125,1988,C4,1.811,-1.2,-11.8,2.6,43.9,16.8
196,200,"Kok, P.",618,Poaceae,Digitaria eriantha,DE,2627CA,-26.625,27.125,1974,C4,1.783,1.6,-11.5,1.5,44.2,28.9
197,201,"Pole-Evans, I.B.",3120,Poaceae,Digitaria eriantha,DE,2627CA,-26.625,27.125,1931,C4,1.594,2,-10.9,1.9,42.2,22.6
264,268,"du Toit, G.J.",1002,Poaceae,Digitaria eriantha,DE,2430AA,-24.125,30.125,1983,C4,1.686,NA,-12.7,1.6,45.5,27.9
265,269,"du Toit, G.J.",1000,Poaceae,Digitaria eriantha,DE,2430AA,-24.125,30.125,1983,C4,1.68,5.2,-11.9,2.3,44.1,19
266,270,"Junod, H.A.",4086,Poaceae,Digitaria eriantha,DE,2430AA,-24.125,30.125,1919,C4,1.552,NA,-9.4,1.2,46.1,38.8
267,271,"du Toit, G.J.",224,Poaceae,Digitaria eriantha,DE,2430AA,-24.125,30.125,1979,C4,1.569,NA,-12.1,2,45.5,23.2
268,272,"du Toit, G.J.",140,Poaceae,Digitaria eriantha,DE,2430AA,-24.125,30.125,1978,C4,1.85,2.9,-11.7,2.4,46.6,19.6
269,273,"du Toit, G.J.",1003,Poaceae,Digitaria eriantha,DE,2430AA,-24.125,30.125,1984,C4,1.741,1.7,-12.6,1.8,47.1,25.7
270,274,"du Toit, G.J.",118,Poaceae,Digitaria eriantha,DE,2430AA,-24.125,30.125,1978,C4,1.841,7.7,-11.4,2.7,48.8,18.2
271,275,"Burtt Davy, J.",PRE 1283,Poaceae,Digitaria eriantha,DE,2529CD,-25.875,29.375,1904,C4,1.744,0.7,-9.7,1.9,45.7,24.1
272,276,"Wilson, D.",PFS12A,Poaceae,Digitaria eriantha,DE,2429AA,-24.125,29.125,1974,C4,1.66,NA,-10.6,1.7,48.1,28.8
273,277,"Huntley, B.J.",1018,Poaceae,Digitaria eriantha,DE,2429AA,-24.125,29.125,1909,C4,1.687,NA,-10.4,1.2,44,37.1
274,278,"Wilson, D.",PFS 12,Poaceae,Digitaria eriantha,DE,2429AA,-24.125,29.125,1974,C4,1.669,NA,-11.5,1.4,48.1,33.6
275,279,"Huntley, B.J.",972,Poaceae,Digitaria eriantha,DE,2429AA,-24.125,29.125,1968,C4,1.688,NA,-10.2,1.7,46.9,28.2
276,280,"Leendertz, R.",1887,Poaceae,Digitaria eriantha,DE,2429AA,-24.125,29.125,1974,C4,1.779,NA,-9.6,1.7,45.4,26.4
277,281,"Knothe, C.",PRE 7960,Poaceae,Digitaria eriantha,DE,2429AA,-24.125,29.125,1921,C4,1.863,1.7,-11,2.1,46.3,22.3
278,282,"Ellis, R.P.",2050,Poaceae,Digitaria eriantha,DE,2429AA,-24.125,29.125,1967,C4,1.868,2.1,-10.3,1.8,48,26.9
279,283,"Huntley, B.J.",1556,Poaceae,Digitaria eriantha,DE,2429AA,-24.125,29.125,1967,C4,1.8,0.2,-11.9,2,47.3,23.8
280,284,"Galpin, E.E.",8874,Poaceae,Digitaria eriantha,DE,2429AA,-24.125,29.125,1929,C4,1.639,3.5,-10.5,2.4,44.3,18.3
281,285,"Huntley, B.J.",1193,Poaceae,Digitaria eriantha,DE,2429AA,-24.125,29.125,1968,C4,1.665,NA,-12,1.8,45,24.8
285,289,"Kok, P.D.F.",493,Poaceae,Digitaria eriantha,DE,2626DD,-26.875,26.875,1973,C4,1.746,NA,-11.3,1.3,46,36.2
286,290,"Pole-Evans, I.B.",3121,Poaceae,Digitaria eriantha,DE,2626DD,-26.875,26.875,1931,C4,1.858,2.6,-10.5,1.7,45.3,26
287,291,"Kok, P.D.F.",617,Poaceae,Digitaria eriantha,DE,2626DD,-26.875,26.875,1974,C4,1.969,6.2,-10.9,2.9,46.1,16.1
288,292,"Pole-Evans, I.B.",3123,Poaceae,Digitaria eriantha,DE,2626DD,-26.875,26.875,1931,C4,1.943,NA,-10.5,1.4,45.2,32.7
289,293,"Goossens, A.P.G.",869,Poaceae,Digitaria eriantha,DE,2827DD,-28.875,27.875,1931,C4,1.846,5,-10.5,2,43.5,21.8
290,294,"Jarman, N.G.",46,Poaceae,Digitaria eriantha,DE,2827DD,-28.875,27.875,1970,C4,1.628,NA,-11.1,1,45.5,45.2
291,295,"Jarman, N.G.",122,Poaceae,Digitaria eriantha,DE,2827DD,-28.875,27.875,1970,C4,1.718,NA,-11,1.8,45.5,25.1
292,296,"Loxton, A.E.",948,Poaceae,Digitaria eriantha,DE,2827DD,-28.875,27.875,1972,C4,1.601,9.6,-10.2,2.9,45.5,15.6
293,297,"Goossens, A.P.G.",808,Poaceae,Digitaria eriantha,DE,2827DD,-28.875,27.875,1931,C4,1.702,2.2,-10.7,2.9,46.2,16.1
300,304,"Ellis, R.P.",1025,Poaceae,Digitaria eriantha,DE,2428DA,-24.625,28.625,1972,C4,1.672,NA,-11.5,1.6,45.7,29.1
301,305,"Du Toit, P.C.V.",526,Poaceae,Digitaria eriantha,DE,2428DA,-24.625,28.625,1975,C4,1.771,5.2,-10.5,1.9,46.3,23.9
302,306,"Donisthorpe, A.",1,Poaceae,Digitaria eriantha,DE,2428DA,-24.625,28.625,1929,C4,1.827,4.6,-10.2,2.4,47.2,19.6
303,307,"Du Toit, P.C.V.",483,Poaceae,Digitaria eriantha,DE,2428DA,-24.625,28.625,1975,C4,1.93,NA,-11.2,0.5,48.1,91.2
304,308,"Du Toit, P.C.V.",595,Poaceae,Digitaria eriantha,DE,2428DA,-24.625,28.625,1975,C4,1.728,NA,-10.7,0.6,46.3,77.1
305,309,"Galpin, E.E.",393,Poaceae,Digitaria eriantha,DE,2428DA,-24.625,28.625,1919,C4,1.988,NA,-9.9,1.5,42.7,29.4
318,322,Stephen; Oakes,217; 1503,Poaceae,Digitaria eriantha,DE,2231CA,22.4156,-22.4156,1971,C4,1.74,NA,-11.1,0.9,46.1,49
319,323,"Morrison, E; Klasen, M",4,Poaceae,Digitaria eriantha,DE,2231CA,22.4227,-22.4227,2005,C4,1.718,6.8,-13.6,2.1,47.3,22.5
320,324,Stephen; Oakes,204; 1464,Poaceae,Digitaria eriantha,DE,2231CA,22.4413,-22.4413,1971,C4,1.723,NA,-11.3,0.9,45.7,49
321,325,"Hauser, JR; Vaughan, AK",s.n.,Poaceae,Digitaria eriantha,DE,2231CA,22.4129,-22.4129,2005,C4,1.694,NA,-13,1.5,45.8,30.6
322,326,"Bouchenak-Khelladi, Y",YBK 235,Poaceae,Digitaria eriantha,DE,2331DC,23.5233,-23.5233,2007,C4,1.828,1.3,-13.1,1.8,41.8,23.5
323,327,Stephen; Oakes,188; 1436,Poaceae,Digitaria eriantha,DE,2331DC,23.473,-23.473,1971,C4,1.785,1.4,-11.2,1.9,45.6,24.4
324,328,Stephen; Oakes,172;1415,Poaceae,Digitaria eriantha,DE,2431DC,24.544,-24.544,1971,C4,1.925,4.3,-10.4,2.2,46.2,21
325,329,"Nel, PJ",s.n.,Poaceae,Digitaria eriantha,DE,2431DC,24.5722,-24.5722,1977,C4,1.766,5.6,-11.6,2.1,44.3,21
326,330,"Policzer, JT",10,Poaceae,Digitaria eriantha,DE,2431DC,24.594,-24.594,2005,C4,1.727,NA,-13.5,0.5,40.1,78.9
327,331,"Pettit, N",61,Poaceae,Digitaria eriantha,DE,2431DC,24.5753,-24.5753,2003,C4,1.63,NA,-14.2,1.8,45.9,25.7
328,332,Stephen; Oakes,154;1394,Poaceae,Digitaria eriantha,DE,2531BB,25.0709,-25.0709,1971,C4,1.826,4.8,-11,2.6,45.5,17.3
329,333,"Bouchenak-Khelladi, Y",YBK 133,Poaceae,Digitaria eriantha,DE,2531BB,25.1134,-25.1134,2007,C4,1.724,2.7,-13.5,2.4,47.4,19.4
330,334,"Bouchenak-Khelladi, Y",YBK 163,Poaceae,Digitaria eriantha,DE,2531BB,25.1241,-25.1241,2007,C4,1.861,0.6,-12.5,2.8,43.4,15.3
331,335,"van der Schijff, HP",224,Poaceae,Digitaria eriantha,DE,2531AB,25.1,-25.1,1952,C4,1.901,3.2,-10.2,2.4,40.4,17
332,336,"van der Schijff, HP",1652,Poaceae,Digitaria eriantha,DE,2531AB,25.1244,-25.1244,1953,C4,1.793,NA,-10.1,1.5,46.3,31.6
333,337,"van der Schijff, HP",1511,Poaceae,Digitaria eriantha,DE,2531AB,25.1,-25.1,1953,C4,1.821,NA,-10,1.5,44.2,30.4
334,338,"van Wyk, P",4655,Poaceae,Digitaria eriantha,DE,2531AB,25.0923,-25.0923,1966,C4,1.833,2.9,-11.1,1.9,45.8,24.1
335,339,"van der Schijff, HP",3395,Poaceae,Digitaria eriantha,DE,2531AB,25.1244,-25.1244,1954,C4,1.791,0.2,-11.2,1.9,45.9,23.9
336,340,"van der Schijff, HP",217,Poaceae,Digitaria eriantha,DE,2531AB,25.1,-25.1,1952,C4,1.892,3.9,-9.9,1.9,45,24
337,341,"van der Schijff, HP",216,Poaceae,Digitaria eriantha,DE,2531AB,25.1,-25.1,1952,C4,1.754,2.5,-10.1,2.1,43.3,20.4
338,342,"van der Schijff, HP",1642,Poaceae,Digitaria eriantha,DE,2531AB,25.1244,-25.1244,1953,C4,1.645,2.7,-10.1,1.4,42.9,30.2
339,343,"van Wyk, P",4656,Poaceae,Digitaria eriantha,DE,2531AB,25.0923,-25.0923,1966,C4,1.78,NA,-10.9,1.4,46.6,33.1
340,344,"van Wyk, P",4686,Poaceae,Digitaria eriantha,DE,2531AB,25.0923,-25.0923,1966,C4,1.767,1.4,-9.7,2.1,45.9,22.3
341,345,"van der Schijff, HP",1668,Poaceae,Digitaria eriantha,DE,2531AB,25.1244,-25.1244,1953,C4,1.672,NA,-9,1.4,44.4,32.2
342,346,"van der Schijff, HP",2096,Poaceae,Digitaria eriantha,DE,2531AB,25.0628,-25.0628,1953,C4,1.835,3.6,-9.3,1.9,46.2,24.5
343,347,"van der Schijff, HP",1640,Poaceae,Digitaria eriantha,DE,2531AB,25.1,-25.1,1953,C4,1.86,3.1,-9.8,2.1,46.5,21.8
344,348,"van der Schijff, HP",376,Poaceae,Digitaria eriantha,DE,2531AB,25.1244,-25.1244,1952,C4,1.804,NA,-10.7,1.5,46.4,31.3
5,5,"Cronje, T.",12,Poaceae,Hyparrhenia hirta,HH,2528CA,-25.625,28.125,1932,C4,1.675,3.8,-10.8,1.3,40.6,31.4
12,12,"Mogg, A.O.D.",12348,Poaceae,Hyparrhenia hirta,HH,2528CA,-25.625,28.125,1932,C4,1.718,2.3,-11.7,0.9,40.5,43.7
18,19,"Hanekom, W.J.",1706,Poaceae,Hyparrhenia hirta,HH,2528CA,-25.625,28.125,1971,C4,1.87,8.7,-10.5,1.3,43.2,32.4
19,20,"Stent, S.M.",PRE19940,Poaceae,Hyparrhenia hirta,HH,2528CA,-25.625,28.125,1919,C4,1.92,4.5,-10.5,0.9,40.9,44.4
20,21,"Theiler, A.C.",TRV 12018,Poaceae,Hyparrhenia hirta,HH,2528CA,-25.625,28.125,1912,C4,1.684,1.9,-11.3,1.2,41.5,34.9
24,25,"Chippindall, L.K.A.",240,Poaceae,Hyparrhenia hirta,HH,2528CA,-25.625,28.125,1936,C4,1.795,3.8,-11,1.9,39.8,20.6
25,26,"Dickson, J.",56,Poaceae,Hyparrhenia hirta,HH,2528CA,-25.625,28.125,1924,C4,1.584,2.3,-10.8,1.1,42.5,40.4
26,27,"Ellis, R.P.",134,Poaceae,Hyparrhenia hirta,HH,2528CA,-25.625,28.125,1970,C4,1.955,2.6,-11.5,1,42.1,41.9
45,46,"Manders, R.",1,Poaceae,Hyparrhenia hirta,HH,2528CA,-25.625,28.125,1978,C4,1.945,1.5,-12.1,1,42.6,41.3
47,48,"Burtt Davy, J.",3802,Poaceae,Hyparrhenia hirta,HH,2528CA,-25.625,28.125,1905,C4,1.546,5.7,-11.1,1.7,39.5,23
50,51,"Leendertz, R.",TRV 3886,Poaceae,Hyparrhenia hirta,HH,2528CA,-25.625,28.125,1908,C4,1.642,0.4,-10.2,0.6,43.1,71.7
52,53,"Stent, S.M.",PRE 19939,Poaceae,Hyparrhenia hirta,HH,2528CA,-25.625,28.125,1919,C4,1.738,5.9,-10.2,1.2,42,35.7
53,54,"Du Toit, P.C.V.",1527,Poaceae,Hyparrhenia hirta,HH,3318CD,-33.875,18.375,1976,C4,1.64,3,-11.1,0.9,43.9,47.7
65,67,"Sandwith, C.",10,Poaceae,Hyparrhenia hirta,HH,3318CD,-33.875,18.375,1929,C4,1.968,1.9,-11.1,1.2,43.5,34.8
72,74,Ecklon,87,Poaceae,Hyparrhenia hirta,HH,3318CD,-33.875,18.375,1827,C4,1.576,3.6,-10.6,1.1,44.3,40.1
74,76,"Adamson, R.S.",781,Poaceae,Hyparrhenia hirta,HH,3318CD,-33.875,18.375,1936,C4,1.89,3,-10.7,1.5,45.2,29.5
78,80,"Sandwith, C.",88,Poaceae,Hyparrhenia hirta,HH,3318CD,-33.875,18.375,1929,C4,1.617,-0.6,-11.4,0.9,43.1,49.8
86,89,"Du Toit, P.C.V.",1519,Poaceae,Hyparrhenia hirta,HH,3318CD,-33.875,18.375,1976,C4,1.814,1,-12.3,1.3,44.3,35.2
89,92,"Hitchcock, A.S.",24082,Poaceae,Hyparrhenia hirta,HH,3318CD,-33.875,18.375,1929,C4,1.76,5.2,-10.9,0.9,44.8,47.2
92,95,"Sandwith, C.",130,Poaceae,Hyparrhenia hirta,HH,3318CD,-33.875,18.375,1929,C4,1.828,-0.4,-11.3,0.3,41.3,123
105,108,"Ellis, R.P.",158,Poaceae,Hyparrhenia hirta,HH,2528CB,-25.625,28.375,1970,C4,1.955,4.1,-10.8,0.6,42.9,77.4
106,109,"Smook, L.",4795,Poaceae,Hyparrhenia hirta,HH,2528CB,-25.625,28.375,1983,C4,1.876,4.3,-11.1,1.5,43.3,28.3
110,113,"Balsinhas, A.A.",3463,Poaceae,Hyparrhenia hirta,HH,2528CB,-25.625,28.375,1980,C4,1.838,7.3,-11.7,2,42.1,21.6
112,116,"Goossens, A.P.G.",128,Poaceae,Hyparrhenia hirta,HH,2528CB,-25.625,28.375,1930,C4,1.671,4.7,-10.7,1,42.3,43.2
113,117,"Du Toit, P.C.V.",715,Poaceae,Hyparrhenia hirta,HH,2528CB,-25.625,28.375,1975,C4,1.896,4.3,-11.4,1.2,43.5,36
114,118,"Joffe, H.",5,Poaceae,Hyparrhenia hirta,HH,2528CB,-25.625,28.375,1986,C4,1.694,-0.5,-14.1,0.8,43.9,51.7
115,119,"Du Toit, P.C.V.",717,Poaceae,Hyparrhenia hirta,HH,2528CB,-25.625,28.375,1975,C4,1.741,-1.5,-11.7,0.9,41.5,48.5
116,120,"Reddy, R.A.",1011,Poaceae,Hyparrhenia hirta,HH,2627BB,-26.125,27.875,1997,C4,1.611,1.5,-12.2,1.6,43.1,27.1
117,121,"Reddy, R.A.",1062,Poaceae,Hyparrhenia hirta,HH,2627BB,-26.125,27.875,1998,C4,1.607,0.2,-12.3,0.9,43.7,47.8
118,122,"Reddy, R.A.",1085,Poaceae,Hyparrhenia hirta,HH,2627BB,-26.125,27.875,1998,C4,1.834,-7.9,-13.2,1.1,42.6,37.3
119,123,"Reddy, R.A.",155,Poaceae,Hyparrhenia hirta,HH,2627BB,-26.125,27.875,1997,C4,1.68,2.7,-12.2,0.5,44.5,91.7
120,124,"Reddy, R.A.",1475,Poaceae,Hyparrhenia hirta,HH,2627BB,-26.125,27.875,1998,C4,1.656,1,-13.5,1.5,41.8,27
121,125,"Reddy, R.A.",1094,Poaceae,Hyparrhenia hirta,HH,2627BB,-26.125,27.875,1998,C4,1.836,-1.6,-12.2,1.1,45.1,39.9
122,126,"Robinson, E.R.",10,Poaceae,Hyparrhenia hirta,HH,2627BB,-26.125,27.875,1984,C4,1.625,4,-11.4,1.4,41.5,29.8
123,127,"Mogg, A.O.D.",34154,Poaceae,Hyparrhenia hirta,HH,2627BB,-26.125,27.875,1969,C4,1.658,1.9,-12,0.3,45.4,129.8
124,128,"Cohen, E.",671,Poaceae,Hyparrhenia hirta,HH,2627BB,-26.125,27.875,1937,C4,1.681,1.7,-10.6,1,42.2,42.6
125,129,"Meyer, J.J.",BP00748,Poaceae,Hyparrhenia hirta,HH,2627BB,-26.08611111,27.84194444,2001,C4,1.778,0.2,-11.9,0.6,44.1,76.5
126,130,Ekokonsult,33-41,Poaceae,Hyparrhenia hirta,HH,2528CC,-25.875,28.125,1985,C4,1.927,1.3,-12.1,1.8,43.4,24.6
127,131,"Skea, D.",69,Poaceae,Hyparrhenia hirta,HH,2528CC,-25.875,28.125,1929,C4,1.621,2,-10.3,2.3,44.4,19.5
129,133,"Riddles, L.M.D.",34,Poaceae,Hyparrhenia hirta,HH,2528CC,-25.875,28.125,1997,C4,1.691,1.5,-12.7,0.6,43,66.9
131,135,"Burtt Davy, J.",33,Poaceae,Hyparrhenia hirta,HH,2528CC,-25.875,28.125,1903,C4,1.851,3.5,-11,1.1,45.2,41.4
135,139,"Riddles, L.M.D.",46,Poaceae,Hyparrhenia hirta,HH,2528CC,-25.875,28.125,1997,C4,1.834,3.4,-12.2,1.1,44.6,39.8
140,144,"Pole-Evans, I.B.",3690,Poaceae,Hyparrhenia hirta,HH,2528CC,-25.875,28.125,1934,C4,1.85,4.3,-10.3,1.4,45.7,32
142,146,"Pole-Evans, I.B.",342,Poaceae,Hyparrhenia hirta,HH,2528CC,-25.875,28.125,1922,C4,1.835,4.3,-10.6,1.3,45.7,36
143,147,"McClean, A.P.D.",31,Poaceae,Hyparrhenia hirta,HH,2528CC,-25.875,28.125,1925,C4,1.854,4.1,-10.4,1.9,46.1,23.9
144,148,"Hector, J.",1011,Poaceae,Hyparrhenia hirta,HH,2528CC,-25.875,28.125,1925,C4,1.899,4,-9.7,1.2,42.1,34
185,189,"Bryant, E.G.",A23,Poaceae,Hyparrhenia hirta,HH,2628AA,-26.125,28.125,1919,C4,1.799,10.1,-10.4,2.1,45.6,22
186,190,"Leendertz, R.",TRV 6168,Poaceae,Hyparrhenia hirta,HH,2628AA,-26.125,28.125,1908,C4,1.771,1,-10.1,2.5,44.2,17.5
187,191,"Meebold, A.",13885,Poaceae,Hyparrhenia hirta,HH,2628AA,-26.125,28.125,1933,C4,1.665,8,-11.9,1.2,42.6,37
188,192,"Cohen, E.",672,Poaceae,Hyparrhenia hirta,HH,2628AA,-26.125,28.125,1937,C4,1.668,9.4,-9.3,1.8,42,23.4
189,193,"Reddy, R.A.",1301,Poaceae,Hyparrhenia hirta,HH,2628AA,-26.125,28.125,1998,C4,1.668,-5.5,-12.3,0.9,43.4,50.9
190,194,"Reddy, R.A.",178,Poaceae,Hyparrhenia hirta,HH,2628AA,-26.125,28.125,1997,C4,1.618,-4.6,-12.4,1.8,44.4,25
191,195,"van O'Bruyn, O.",154,Poaceae,Hyparrhenia hirta,HH,2628AA,-26.125,28.125,1934,C4,1.726,-2.4,-10.4,1.6,44.7,28.6
217,221,"Mogg, A.O.D.",6943,Poaceae,Hyparrhenia hirta,HH,2930AC,-29.375,30.125,1920,C4,1.695,3.9,-11.5,1.4,44.4,32.6
220,224,"Mogg, A.O.D.",1256,Poaceae,Hyparrhenia hirta,HH,2930AC,-29.375,30.125,1917,C4,1.742,3.6,-11,1.2,42.8,36.1
227,231,"Ward, C.J.",12326,Poaceae,Hyparrhenia hirta,HH,2930AC,-29.375,30.125,1993,C4,1.699,2.7,-13.4,0.3,44.8,152.9
231,235,"Spies, J.J.",3285,Poaceae,Hyparrhenia hirta,HH,2930AC,-29.375,30.125,1987,C4,1.739,NA,-10.6,1.7,47.4,27.8
232,236,"Mogg, A.O.D.",703,Poaceae,Hyparrhenia hirta,HH,2930AC,-29.375,30.125,1917,C4,1.787,NA,-10.2,1.3,45.7,36
54,55,"Esterhuysen, E.E.",589,Poaceae,Koeleria capensis,KC,3318CD,-33.875,18.375,1935,C3,1.938,1.2,-27.4,1.3,42.2,31.9
63,65,"Adamson, R.S.",811,Poaceae,Koeleria capensis,KC,3318CD,-33.875,18.375,1936,C3,1.714,2.7,-26.1,1.9,45.7,24.2
91,94,"Pole-Evans, I.B.",489,Poaceae,Koeleria capensis,KC,3318CD,-33.875,18.375,1922,C3,1.797,2.6,-28.2,1.5,43.4,29.7
93,96,"Ecklon, C.F.",24964,Poaceae,Koeleria capensis,KC,3318CD,-33.875,18.375,1830,C3,1.653,NA,-25.3,1.7,48.7,29.3
137,141,"Smook, L.",1078,Poaceae,Koeleria capensis,KC,2829CC,-28.875,29.125,1978,C3,1.734,-1.6,-26.5,2.2,43.6,19.9
148,152,"Sandwith, C.",103B,Poaceae,Koeleria capensis,KC,3418BB,-34.125,18.875,1929,C3,1.74,4.2,-26.8,1.1,43.5,40.8
149,153,"McDonald, D.J.",620,Poaceae,Koeleria capensis,KC,3418BB,-34.125,18.875,1981,C3,1.761,-3.1,-24.9,1,44.9,44.7
150,154,"Boucher, C.",3490,Poaceae,Koeleria capensis,KC,3418BB,-34.125,18.875,1978,C3,1.822,-1.2,-27.5,0.8,43.8,57.8
151,155,"Parker, R.N.",3954,Poaceae,Koeleria capensis,KC,3418BB,-34.125,18.875,1944,C3,1.896,1.4,-28.5,1.5,42.8,29.1
152,156,"Rogers, F.A.",26640,Poaceae,Koeleria capensis,KC,3418BB,-34.125,18.875,1921,C3,1.863,3.7,-28,0.5,40.2,74.6
153,158,"Du Toit, P.C.V.",1877,Poaceae,Koeleria capensis,KC,3419BD,-34.375,19.875,1976,C3,1.624,-2.2,-27.8,1.9,42.9,22.8
154,159,"Cleghorn, W.B.",3150,Poaceae,Koeleria capensis,KC,3419BD,-34.375,19.875,1978,C3,1.759,-1.8,-25.8,1.1,43.9,38.4
155,159,"Cleghorn, W.B.",3150,Poaceae,Koeleria capensis,KC,3419BD,-34.375,19.875,1978,C3,1.827,-3.8,-27.3,0.6,42.8,71.4
156,160,"Cleghorn, W.B.",3115,Poaceae,Koeleria capensis,KC,3419BD,-34.375,19.875,1978,C3,1.771,0.1,-27.6,1.5,43.9,28.8
163,167,"Hilliard, O.M.",16964,Poaceae,Koeleria capensis,KC,2929BC,-29.375,29.625,1983,C3,1.674,-2.1,-27,1,42.5,41.5
164,168,"Smook, L.",1061,Poaceae,Koeleria capensis,KC,2929BC,-29.375,29.625,1978,C3,1.929,4.8,-26.4,1.3,43.9,33.1
165,169,"Du Toit, P.C.V.",2503,Poaceae,Koeleria capensis,KC,2929BC,-29.375,29.625,1977,C3,1.81,0.2,-26.5,2.2,44.2,20
166,170,"de Wet, S.F.",861,Poaceae,Koeleria capensis,KC,2929BC,-29.27416667,29.67194444,2004,C3,1.766,-1.7,-30.7,1.9,42.8,22.4
167,171,"Hilliard, O.M.",16245,Poaceae,Koeleria capensis,KC,2929BC,-29.375,29.625,1983,C3,1.559,10.3,-23.7,1.2,44.6,35.9
168,172,"Mogg, A.O.D.",3271,Poaceae,Koeleria capensis,KC,2929BC,-29.375,29.625,1918,C3,1.701,1.4,-26.6,1.7,42.1,25.1
169,173,"Du Toit, P.C.V.",696,Poaceae,Koeleria capensis,KC,2929CB,-29.625,29.375,1975,C3,1.744,-3.9,-27.2,1.7,44.2,26.4
170,174,"Manning, J.C.",15904,Poaceae,Koeleria capensis,KC,2929CB,-29.625,29.375,1982,C3,1.803,-4.6,-26.5,1.1,43.9,40.8
171,175,"Moss, H.",1770,Poaceae,Koeleria capensis,KC,2929CB,-29.625,29.375,1991,C3,1.87,-7,-25.4,1.3,44.2,34.5
172,176,"Acocks, J.P.H.",22153,Poaceae,Koeleria capensis,KC,2929CB,-29.625,29.375,1962,C3,1.618,-0.8,-26.6,1.4,43.4,30.5
173,177,"Du Toit, P.C.V.",704A,Poaceae,Koeleria capensis,KC,2929CB,-29.625,29.375,1975,C3,1.711,-5.3,-28,1.4,44.8,32.3
174,178,"Du Toit, P.C.V.",705,Poaceae,Koeleria capensis,KC,2929CB,-29.625,29.375,1975,C3,1.644,-3.4,-27.8,1.4,44.7,32.9
175,179,"Du Toit, P.C.V.",703,Poaceae,Koeleria capensis,KC,2929CB,-29.625,29.375,1975,C3,1.773,-3.6,-28.1,1.7,44.2,26.1
176,180,"Du Toit, P.C.V.",2299,Poaceae,Koeleria capensis,KC,2929CB,-29.625,29.375,1977,C3,1.921,0.4,-26.3,2.5,43.1,17.3
177,181,"Burgoyne, P.M.",9086,Poaceae,Koeleria capensis,KC,2929CB,-29.61888889,29.3725,2002,C3,1.778,-0.3,-29,1.8,40.7,22.6
178,182,"Moss, H.",1743,Poaceae,Koeleria capensis,KC,2929AD,-29.375,29.375,1991,C3,1.626,0.9,-20.7,1.6,42.5,26.2
179,183,"Smook, L.",1383,Poaceae,Koeleria capensis,KC,2929AD,-29.375,29.375,1979,C3,1.758,1.2,-25.6,2.2,44.2,20.1
180,184,"Killick, D.J.B.",1301,Poaceae,Koeleria capensis,KC,2829CC,-28.875,29.125,1951,C3,1.85,0.4,-25.6,1.2,42.3,36.2
181,185,"Symons, R.E.",176,Poaceae,Koeleria capensis,KC,2929AD,-29.375,29.375,1914,C3,1.79,-0.8,-25.8,1.4,42.9,30
182,186,"Symons, R.E.",158,Poaceae,Koeleria capensis,KC,2929AD,-29.375,29.375,1914,C3,1.787,-4.1,-26.9,1.2,41.8,35.6
183,187,"Jacot Guillarmod, A.F.M.G.",2360,Poaceae,Koeleria capensis,KC,2929AD,-29.375,29.375,1955,C3,1.822,2.3,-26.8,1.3,41.7,31.3
184,188,"Jacot Guillarmod, A.F.M.G.",2344,Poaceae,Koeleria capensis,KC,2929AD,-29.375,29.375,1955,C3,1.608,-0.2,-25.6,2.7,62.1,22.7
218,222,"Mogg, A.O.D.",5598,Poaceae,Koeleria capensis,KC,2930AC,-29.375,30.125,1919,C3,1.723,1.2,-26.8,2,44,21.9
221,225,"Galpin, E.E.",10252,Poaceae,Koeleria Capensis,KC,2930AC,-29.375,30.125,1928,C3,1.728,0.8,-26.5,1.8,41.6,23
222,226,"Moll, E.J.",1208,Poaceae,Koeleria capensis,KC,2930AC,-29.375,30.125,1964,C3,1.831,0.3,-25.7,1.9,44.7,24.1
223,227,"Mogg, A.O.D.",2445,Poaceae,Koeleria capensis,KC,2930AC,-29.375,30.125,1918,C3,1.757,-1.4,-27,2,43.8,21.4
224,228,"Acocks, J.P.H.",13873,Poaceae,Koeleria capensis,KC,2930AC,-29.375,30.125,1947,C3,1.75,-4.5,-26.9,1.6,43.7,27.9
225,229,"Mogg, A.O.D.",2411,Poaceae,Koeleria capensis,KC,2930AC,-29.375,30.125,1918,C3,1.982,4.5,-27.3,3.1,42.6,13.9
226,230,"Moll, E.J.",1094,Poaceae,Koeleria capensis,KC,2930AC,-29.375,30.125,1964,C3,1.838,-0.3,-28,2.3,41.2,17.8
228,232,"Mogg, A.O.D.",1427,Poaceae,Koeleria capensis,KC,2930AC,-29.375,30.125,1918,C3,1.611,4.3,-25.7,3.2,43.6,13.4
229,233,"Mogg, A.O.D.",6525,Poaceae,Koeleria capensis,KC,2930AC,-29.375,30.125,1919,C3,1.933,4.4,-19.4,2.2,44.1,19.9
230,234,"Mogg, A.O.D.",2391,Poaceae,Koeleria capensis,KC,2930AC,-29.375,30.125,1918,C3,1.735,1.9,-27,2.4,43.1,17.9
233,237,"Mogg, A.O.D.",5677,Poaceae,Koeleria capensis,KC,2930AC,-29.375,30.125,1919,C3,1.844,2.4,-27.5,2.6,45.6,17.7
249,253,"de Wet, S.F.",863,Poaceae,Koeleria capensis,KC,2430DD,-24.87055556,30.8425,2004,C3,1.956,2.6,-27.1,2.2,47.1,21.6
250,254,"Kluge, J.P.",1964,Poaceae,Koeleria capensis,KC,2430DD,-24.875,30.875,1979,C3,1.786,3.3,-27.1,2,45.4,22.6
251,255,"Ellis, R.P.",4314,Poaceae,Koeleria capensis,KC,2430DD,-24.875,30.875,1983,C3,1.865,0.6,-24.9,1.9,47,25.2
252,256,"Saayman, E.J.L.",91,Poaceae,Koeleria capensis,KC,2430DD,-24.875,30.875,1988,C3,1.775,NA,-27.4,1,44.9,45.1
253,257,"Codd, L.E.W.",6718,Poaceae,Koeleria capensis,KC,2430DD,-24.875,30.875,1951,C3,1.862,NA,-27.4,1.3,45.7,36.5
254,258,"Burgoyne, P.M.",49,Poaceae,Koeleria capensis,KC,2530AC,-25.375,30.125,1988,C3,1.842,NA,-27.7,0.7,36.6,49.5
255,259,"Saayman, E.J.L.",112,Poaceae,Koeleria capensis,KC,2530AC,-25.375,30.125,1988,C3,1.908,NA,-25.9,1.6,46.3,29
256,260,"Saayman, E.J.L.",115,Poaceae,Koeleria capensis,KC,2530AC,-25.375,30.125,1988,C3,1.733,-2.3,-27.4,1.9,45.2,23.8
257,261,"Hankey, A.J.",1300,Poaceae,Koeleria capensis,KC,2530AC,-25.375,30.125,2001,C3,1.68,NA,-25.5,1,47.4,47.5
258,262,"Codd, L.E.W.",3230,Poaceae,Koeleria capensis,KC,2530AC,-25.375,30.125,1947,C3,1.777,3.3,-27,1.9,45.8,23.5
259,263,"Spies, J.J.",1565A,Poaceae,Koeleria capensis,KC,2530AC,-25.375,30.125,1984,C3,1.817,3.1,-27.5,3,45.3,15.1
260,264,"Drews, B.K.",127,Poaceae,Koeleria capensis,KC,2530AC,-25.375,30.125,1980,C3,1.641,NA,-26.5,1.8,46.7,26
261,265,"Drews, B.K.",173,Poaceae,Koeleria capensis,KC,2530AC,-25.375,30.125,1980,C3,1.702,NA,-26,1.7,48.4,28.1
262,266,"Galpin, E.E.",s13160,Poaceae,Koeleria capensis,KC,2530AC,-25.375,30.125,1932,C3,1.705,0.3,-26.7,2,46.6,23
263,267,"Saayman, E.J.L.",90,Poaceae,Koeleria capensis,KC,2430DD,-24.875,30.875,1988,C3,1.806,NA,-27.9,1.2,45.4,37.1
294,298,"Bayer, A.J.W.",274,Poaceae,Koeleria capensis,KC,2828DD,-28.875,28.875,1926,C3,1.683,NA,-25.5,1,43.6,45.5
295,299,"Panagos, M.D.",53,Poaceae,Koeleria capensis,KC,2828DD,-28.875,28.875,1987,C3,1.819,0.8,-27.1,2.1,44.6,21.3
296,300,"Schelpe, EACLE",1399,Poaceae,Koeleria capensis,KC,2828DD,-28.875,28.875,1946,C3,1.86,NA,-24.9,1.3,46.7,36.5
297,301,"Smook, L.",1044,Poaceae,Koeleria capensis,KC,2828DD,-28.875,28.875,1978,C3,1.813,NA,-26.3,1.3,46,34.4
298,302,"Edwards, D.",640,Poaceae,Koeleria capensis,KC,2828DD,-28.875,28.875,1955,C3,1.804,NA,-26.6,0.6,45.2,81.9
299,303,"Lubke, R.A.",254,Poaceae,Koeleria capensis,KC,2828DD,-28.875,28.875,1962,C3,1.706,NA,-25.1,1.4,46.3,33.8
306,310,"Killick, D.J.B.",946,Poaceae,Koeleria capensis,KC,2829CC,-28.875,29.125,1950,C3,1.857,NA,-25.5,1.3,45.9,34.3
307,311,"Smook, L.",1377,Poaceae,Koeleria capensis,KC,2829CC,-28.875,29.125,1979,C3,1.769,NA,-26.3,1.4,47.5,33.5
308,312,"Smook, L.",1376,Poaceae,Koeleria capensis,KC,2829CC,-28.875,29.125,1979,C3,1.792,NA,-26.1,1.7,45.7,26.9
309,313,"Ellis, R.P.",1431,Poaceae,Koeleria capensis,KC,2829CC,-28.875,29.125,1973,C3,1.859,3.5,-24.6,1.8,46.8,25.3
310,314,"Smook, L.",1371,Poaceae,Koeleria capensis,KC,2829CC,-28.875,29.125,1979,C3,1.893,-1.6,-25.7,1.8,44.6,25.4
311,315,"Smook, L.",1084,Poaceae,Koeleria capensis,KC,2829CC,-28.875,29.125,1978,C3,1.801,-0.5,-26.5,2.1,44.7,21.3
312,316,"Ellis, R.P.",1412,Poaceae,Koeleria capensis,KC,2829CC,-28.875,29.125,1973,C3,1.789,NA,-26.7,1.2,44.5,38.5
313,317,"Smook, L.",1379,Poaceae,Koeleria capensis,KC,2829CC,-28.875,29.125,1979,C3,1.615,NA,-26.6,1.8,45,25.5
314,318,"Acocks, J.P.H.",63,Poaceae,Koeleria capensis,KC,2829CC,-28.875,29.125,1938,C3,1.79,-0.6,-26.1,1.4,43,30.9
219,223,"Mogg, AOD",871,Poaceae,Koeleria capensis ,KC,2930AC,-29.375,30.125,1917,C3,1.812,-1.9,-28.7,1.2,44.8,36.8
234,238,"Stehle, T.C.",TS.230,Poaceae,Pentameris densifolia,PP,3319AC,-33.375,19.125,1969,C3,1.729,0.8,-31.3,2.6,46.2,17.8
55,56,"Wolley-Dod, A.H.",3558,Poaceae,Pentameris pallida,PP,3318CD,-33.95,18.46666667,1897,C3,1.63,5.6,-29,1.6,41.4,25.9
56,57,"Bolus, F.",14960,Poaceae,Pentameris pallida,PP,3318CD,-33.875,18.375,1916,C3,1.873,3.9,-27.8,1.3,40.7,30.5
57,58,"Marloth, H.W.R.",3049,Poaceae,Pentameris pallida,PP,3318CD,-33.875,18.375,1902,C3,1.955,-0.3,-27.5,1.3,43.6,33.9
58,59,"Esterhuysen, E.E.",11753,Poaceae,Pentameris pallida,PP,3318CD,-33.875,18.375,1940,C3,1.744,2,-28.5,1,42.7,43.7
59,60,"Ellis, R.P.",2307,Poaceae,Pentameris pallida,PP,3318CD,-33.875,18.375,1974,C3,1.524,4.9,-28.9,1.1,42.6,39.2
60,61,"Andreae, H.",85,Poaceae,Pentameris pallida,PP,3318CD,-33.875,18.375,1919,C3,1.617,-1.5,-28.4,0.9,43.7,46.6
61,63,"Du Toit, PCV",1522,Poaceae,Pentameris pallida,PP,3318CD,-33.875,18.375,1976,C3,1.953,4.4,-29.2,1.8,41.6,23.3
62,64,"Bolus, H.M.L.",14741,Poaceae,Pentameris pallida,PP,3318CD,-33.98333333,18.41666667,1915,C3,1.794,0.5,-28.2,1.4,44.2,32.7
64,66,"Esterhuysen, E.E.",22181,Poaceae,Pentameris pallida,PP,3318CD,-33.95,18.41666667,1953,C3,1.872,3.8,-27.4,0.9,44.2,48.8
66,68,"Esterhuysen, E.E.",33325,Poaceae,Pentameris pallida,PP,3318CD,-33.875,18.375,1973,C3,1.95,2,-28.6,1,41.8,43.1
67,69,"Spies, J.J.",3239,Poaceae,Pentameris pallida,PP,3318CD,-33.875,18.375,1986,C3,1.819,0.4,-29.3,1.1,42.3,37.5
68,70,"Bolus, F.",14680,Poaceae,Pentameris pallida,PP,3318CD,-33.875,18.375,1913,C3,1.924,4.4,-27.3,2.1,43.2,20.5
69,71,"Schlechter, F.R.R.",847,Poaceae,Pentameris pallida,PP,3318CD,-33.95,18.46666667,1892,C3,1.178,2.8,-27.2,0.9,43.6,46.8
70,72,"Durand, B.J.",343,Poaceae,Pentameris pallida,PP,3318CD,-33.875,18.375,1978,C3,1.759,1.4,-28.2,2.1,45.3,21.9
71,73,"Wolley-Dod, A.H.",1821,Poaceae,Pentameris pallida,PP,3318CD,-33.98333333,18.45,1896,C3,1.931,0.9,-29.6,2.9,44.1,15.4
73,75,"Andreae, H.",86,Poaceae,Pentameris pallida,PP,3318CD,-33.875,18.375,1919,C3,1.58,0.5,-29,1.4,42.6,30.2
75,77,"Du Toit, P.C.V.",1502,Poaceae,Pentameris pallida,PP,3318CD,-33.875,18.375,1976,C3,1.725,1.9,-28.8,0.7,42.6,57
76,78,"Ellis, R.P.",2306,Poaceae,Pentameris pallida,PP,3318CD,-33.875,18.375,1974,C3,1.764,1.9,-30.7,1.5,52,33.6
77,79,"Fairall, A.R.",248,Poaceae,Pentameris pallida,PP,3318CD,-33.98333333,18.41666667,1952,C3,1.657,-0.2,-30,1.3,45.2,33.7
79,81,"Garside, S.",25439,Poaceae,Pentameris pallida,PP,3318CD,-33.875,18.375,1951,C3,1.576,0.9,-29.2,0.7,43.7,62.8
80,82,"Esterhuysen, E.E.",30036,Poaceae,Pentameris pallida,PP,3318CD,-33.995,18.41666667,1963,C3,1.532,2.2,-30.5,1.3,43.8,34.4
81,83,"Spies, J.J.",3652,Poaceae,Pentameris pallida,PP,3318CD,-33.875,18.375,1987,C3,1.65,0.9,-29.9,1.1,43.3,38.9
82,85,"Du Toit, P.C.V.",1508,Poaceae,Pentameris pallida,PP,3318CD,-33.91944444,18.39861111,1976,C3,1.572,0.8,-29.8,1.1,44.5,40.9
83,86,"Du Toit, PCV",1524,Poaceae,Pentameris pallida,PP,3318CD,-33.875,18.375,1976,C3,1.64,3,-28.4,2.1,42.1,20.1
84,87,"Ecklon, C.F.",84,Poaceae,Pentameris pallida,PP,3318CD,-33.875,18.375,1830,C3,1.606,9.1,-28.9,1.3,43,32.6
85,88,"Esterhuysen, E.E.",22651,Poaceae,Pentameris pallida,PP,3318CD,-33.95,18.4,1954,C3,1.802,-0.9,-27.4,1.3,45.3,34.6
87,90,"Esterhuysen, E.E.",27950,Poaceae,Pentameris pallida,PP,3318CD,-33.95,18.4,1958,C3,1.901,2.9,-27.4,0.7,44.1,65.4
88,91,"Spies, J.J.",3239,Poaceae,Pentameris pallida,PP,3318CD,-33.875,18.375,1986,C3,1.857,3.2,-29.7,1.2,41.2,33.8
90,93,"Esterhuysen, E.E.",598,Poaceae,Pentameris pallida,PP,3318CD,-33.96666667,18.41666667,1935,C3,1.871,2.4,-28.5,1,41.9,42.3
94,97,"Adamson, R.S.",2684,Poaceae,Pentameris pallida,PP,3418AB,-34.125,18.375,1939,C3,1.717,2.5,-26.9,1.1,42.5,37.8
95,98,"Ellis, R.P.",2316,Poaceae,Pentameris pallida,PP,3418AB,-34.125,18.375,1974,C3,1.945,1.8,-30.3,2.9,44.6,15.5
96,99,"Spies, J.J.",3433,Poaceae,Pentameris pallida,PP,3418AB,-34.125,18.375,1987,C3,1.673,1.9,-29.9,1.2,42.1,35.4
97,100,"Adamson, R.S.",3451,Poaceae,Pentameris pallida,PP,3418AB,-34.125,18.375,1942,C3,1.927,5.4,-30.1,1.4,41.7,28.9
98,101,"Spies, J.J.",3439,Poaceae,Pentameris pallida,PP,3418AB,-34.125,18.375,1987,C3,1.754,1.5,-30.6,1.6,43.8,27
99,102,"O'Callaghan, M.G.",696,Poaceae,Pentameris pallida,PP,3418AB,-34.125,18.375,1983,C3,1.654,2.3,-29.6,0.6,42.3,73.8
100,103,"Goldblatt, P.",3321,Poaceae,Pentameris pallida,PP,3418AB,-34.125,18.375,1974,C3,1.448,4.7,-31.2,3.3,45.5,14
101,104,"Spies, J.J.",3911,Poaceae,Pentameris pallida,PP,3418AB,-34.125,18.375,1988,C3,1.651,7,-31,1.4,43.7,30.9
102,105,"Bolus, H.M.L.",PRE 34739,Poaceae,Pentameris pallida,PP,3418AB,-34.125,18.375,1918,C3,1.812,1.9,-28.3,1.5,44.6,29.6
103,106,"Adamson, R.S.",3718,Poaceae,Pentameris pallida,PP,3418AB,-34.125,18.375,1946,C3,1.758,1.5,-29.6,2,43.3,21.9
104,107,"Ellis, R.P.",2312,Poaceae,Pentameris pallida,PP,3418AB,-34.125,18.375,1974,C3,1.943,1.1,-28.1,0.9,42.9,48.3
157,161,"Spies, J.J.",3859,Poaceae,Pentameris pallida,PP,3319AD,-33.375,19.375,1988,C3,1.659,-3.6,-29.5,2.5,44.2,17.7
158,162,"Liebenberg, L.C.C.",4325,Poaceae,Pentameris pallida,PP,3319AD,-33.375,19.375,1948,C3,1.807,-1.6,-29.8,1.5,44.6,29.3
159,163,"Esterhuysen, E.E.",22241,Poaceae,Pentameris pallida,PP,3319AD,-33.375,19.375,1953,C3,1.721,1.4,-29.5,1.3,43.9,34.9
160,164,"Spies, J.J.",3860,Poaceae,Pentameris pallida,PP,3319AD,-33.375,19.375,1988,C3,1.912,8,-29.6,1.6,45.2,28.1
161,165,"Esterhuysen, E.E.",33339,Poaceae,Pentameris pallida,PP,3319AD,-33.375,19.375,1973,C3,1.702,5.4,-29.9,0.7,45.9,63.4
162,166,"Goldblatt, P.",5234,Poaceae,Pentameris pallida,PP,3319AD,-33.375,19.375,1979,C3,1.797,-2.5,-29.4,1.2,43.8,35.3
198,202,"van Rensburg, W.L.J.",248,Poaceae,Pentameris pallida,PP,3318DD,-33.875,18.875,1959,C3,1.87,1.4,-27.2,2.2,42.6,19.6
199,203,"Haynes, R.A.",1199,Poaceae,Pentameris pallida,PP,3318DD,-33.875,18.875,1975,C3,1.562,0.9,-27.3,2.3,47.3,20.6
200,204,"Rycroft, H.B.",1034,Poaceae,Pentameris pallida,PP,3318DD,-33.875,18.875,1945,C3,1.719,-2,-31.7,1.2,43.3,36.8
201,205,"Taylor, H.C.",6031,Poaceae,Pentameris pallida,PP,3318DD,-33.875,18.875,1964,C3,1.869,-0.4,-28.5,1,43.8,46
202,206,"Ellis, R.P.",2210,Poaceae,Pentameris pallida,PP,3318DD,-33.875,18.875,1974,C3,1.783,1.9,-28.8,0.9,39.2,44.1
203,207,"van der Merwe, P.",25-8,Poaceae,Pentameris pallida,PP,3318DD,-33.875,18.875,1961,C3,1.811,-0.4,-29.4,1.1,39.2,36.9
206,210,"Ellis, R.P.",2229,Poaceae,Pentameris pallida,PP,3318DD,-33.875,18.875,1974,C3,1.912,-2.9,-30.4,1.9,45.3,23.5
207,211,"Adamson, R.S.",3277,Poaceae,Pentameris pallida,PP,3318DD,-33.875,18.875,1941,C3,1.707,1.3,-29.4,1.7,44.3,26
208,212,"Esterhuysen, EE",15995,Poaceae,Pentameris pallida,PP,3318DD,-33.875,18.875,1949,C3,1.901,3.6,-29.2,2.5,44.7,18
209,213,"Adamson, R.S.",4074,Poaceae,Pentameris pallida,PP,3318DD,-33.875,18.875,1948,C3,1.777,-0.4,-28.8,1.4,43.5,30.9
210,214,"Ellis, R.P.",2263,Poaceae,Pentameris pallida,PP,3318DD,-33.875,18.875,1974,C3,1.82,-0.7,-28.3,2,44.8,22.3
211,215,"Ellis, R.P.",2223,Poaceae,Pentameris pallida,PP,3318DD,-33.875,18.875,1974,C3,1.755,-2.1,-28.7,1.6,44.8,27.4
212,216,"Ellis, R.P.",2262,Poaceae,Pentameris pallida,PP,3318DD,-33.875,18.875,1974,C3,1.809,-0.6,-28.1,1.2,44.3,36.7
213,217,"van der Merwe, C.V.",1320,Poaceae,Pentameris pallida,PP,3318DD,-33.96666667,18.91666667,1969,C3,1.628,3.5,-29.6,0.5,43.6,79.5
214,218,"van der Merwe, P.",954,Poaceae,Pentameris pallida,PP,3318DD,-33.875,18.875,1962,C3,1.725,-0.8,-25.2,1.6,44.6,28.4
215,219,"Taylor, H.C.",5586,Poaceae,Pentameris pallida,PP,3318DD,-33.875,18.875,1963,C3,1.683,-3.1,-30.4,0.6,44.2,70.1
216,220,"Marloth, H.W.R.",3036B,Poaceae,Pentameris pallida,PP,3318DD,-33.875,18.875,1902,C3,1.802,5.2,-28.2,0.7,41.5,60.8
235,239,"Haynes, R.A.",224,Poaceae,Pentameris pallida,PP,3319AC,-33.4,19.08333333,1969,C3,1.66,NA,-28.2,1,46.7,45.9
236,240,"Schlechter, F.R.R.",9037,Poaceae,Pentameris pallida,PP,3319AC,-33.375,19.125,1896,C3,1.84,NA,-29.1,0.5,45.7,83.8
237,241,"Davidse, G.",33951,Poaceae,Pentameris pallida,PP,3319AC,-33.375,19.125,1987,C3,1.815,NA,-30.8,1.5,43.6,28.7
238,242,"Davidse, G.",33954,Poaceae,Pentameris pallida,PP,3319AC,-33.375,19.125,1987,C3,1.589,NA,-30.3,1.8,44.8,25.3
239,243,"Taylor, H.C.",6141,Poaceae,Pentameris pallida,PP,3219AC,-32.375,19.125,1964,C3,1.746,NA,-27,0.5,46.1,87.2
240,244,"Spies, J.J.",3840,Poaceae,Pentameris pallida,PP,3219AC,-32.375,19.125,1988,C3,1.786,NA,-27.4,1.4,44.9,32.1
241,245,"Ellis, R.P.",5508,Poaceae,Pentameris pallida,PP,3219AC,-32.375,19.125,1987,C3,1.883,NA,-27.4,1,47.4,48.4
242,246,"Esterhuysen, E.E.",18158,Poaceae,Pentameris pallida,PP,3219AC,-32.375,19.125,1950,C3,1.647,NA,-29.2,0.6,46.1,74.9
243,247,"Ellis, R.P.",5507,Poaceae,Pentameris pallida,PP,3219AC,-32.375,19.125,1987,C3,1.684,NA,-27.6,0.7,42.8,58.3
244,248,"Spies, J.J.",6329,Poaceae,Pentameris pallida,PP,3219AC,-32.375,19.125,1997,C3,1.883,NA,-28.6,1.5,45.1,29.4
245,249,"le Maitre, D.C.",603,Poaceae,Pentameris pallida,PP,3219AC,-32.35,19.03333333,1989,C3,1.951,4,-29,1.9,44.3,23.3
246,250,"Spies, J.J.",3828,Poaceae,Pentameris pallida,PP,3219AC,-32.375,19.125,1988,C3,1.891,4.8,-29.6,2.4,46.6,19.3
247,251,"Ellis, R.P.",5588,Poaceae,Pentameris pallida,PP,3219AC,-32.375,19.125,1987,C3,1.723,NA,-27.4,1.7,45.7,27.2
248,252,"Spies, J.J.",3845,Poaceae,Pentameris pallida,PP,3219AC,-32.375,19.125,1988,C3,1.86,11.1,-27,2.5,44.5,17.6
282,286,"Wilman, M.",PRE 34692,Poaceae,Pentameris pallida,PP,3322DC,-33.875,22.625,1947,C3,1.744,-1.6,-29.4,1.9,48.3,25.5
283,287,"Ellis, R.P.",5821,Poaceae,Pentameris pallida,PP,3322DC,-33.875,22.625,1988,C3,1.757,NA,-30,1.1,45.9,41.5
284,288,"Ellis, R.P.",5820,Poaceae,Pentameris pallida,PP,3322DC,-33.875,22.625,1988,C3,1.667,NA,-30.6,1.4,46.1,34.1
315,319,"Du Toit, P.C.V.",1764,Poaceae,Pentameris pallida,PP,3319CB,-33.625,19.375,1976,C3,1.611,NA,-27.5,0.5,47.7,90.6
316,320,van Breda,341,Poaceae,Pentameris pallida,PP,3319CB,-33.625,19.375,1949,C3,1.785,NA,-27.8,1.6,47.9,29.3
317,321,"Ellis, R.P.",1258,Poaceae,Pentameris pallida,PP,3319CB,-33.625,19.375,1972,C3,1.795,4.2,-28,1.9,47,25.1
204,208,"van der Merwe, P.",24-26,Poaceae,Pentaschistis pallida,PP,3318DD,-33.875,18.875,1960,C3,1.833,-1.4,-27.9,2.6,45.8,17.5
205,209,"Liebenberg, LCC",4046,Poaceae,Pentaschistis pallida,PP,3318DD,-33.875,18.875,1944,C3,1.568,6.6,-29.5,0.4,40.6,92.3